-- 使用数据库
use lab2;

-- 插入二十条内容进入数据库
-- 学生
insert into Student (Sno, Sname, Ssex, SbirthDay, Sdept, SBirthPlace)
values
    ('10001', '张三', 1, '1999-01-01', '计算机科学系', '江苏南京'),
    ('10002', '李四', 0, '2000-02-02', '信息工程系', '湖南长沙'),
    ('10003', '王五', 1, '1998-03-03', '数学系', '湖北武汉'),
    ('10004', '赵六', 0, '1997-04-04', '物理系', '北京'),
    ('10005', '钱七', 1, '1996-05-05', '历史系', '四川成都'),
    ('10006', '孙八', 0, '1995-06-06', '生物系', '江苏南京'),
    ('10007', '周九', 1, '1994-07-07', '地理系', '上海'),
    ('10008', '吴十', 0, '1993-08-08', '化学系', '浙江杭州'),
    ('10009', '郑一', 1, '1992-09-09', '哲学系', '山东青岛'),
    ('10010', '赵二', 0, '1991-10-10', '政治系', '广东广州'),
	('10011', '张十一', 1, '2001-11-11', '计算机科学系', '湖南长沙'),
    ('10012', '李十二', 0, '2002-12-12', '信息工程系', '江苏南京'),
    ('10013', '王十三', 1, '2000-01-13', '数学系', '北京'),
    ('10014', '赵十四', 0, '1999-02-14', '物理系', '河南郑州'),
    ('10015', '钱十五', 1, '1998-03-15', '历史系', '广东深圳'),
    ('10016', '孙十六', 0, '1997-04-16', '生物系', '上海'),
    ('10017', '周十七', 1, '1996-05-17', '地理系', '福建厦门'),
    ('10018', '吴十八', 0, '1995-06-18', '化学系', '江西南昌'),
    ('10019', '郑十九', 1, '1994-07-19', '哲学系', '山西太原'),
    ('10020', '赵二十', 0, '1993-08-20', '政治系', '河北石家庄');

-- 课程表
insert into Course (Cno, Cname, Cpno, Credit)
values
    ('01', '计算机基础', NULL, 4),
    ('02', '数据结构', '01', 4),
    ('03', '算法设计与分析', '02', 3),
    ('04', '操作系统原理', '02', 3),
    ('05', '计算机网络', '04', 3),
    ('06', '数据库系统原理', '04', 3),
    ('07', '编译原理', '03', 3),
    ('08', '软件工程', '05', 3),
    ('09', '人工智能', '03', 3),
    ('10', '计算机图形学', '06', 3),
	('11', '离散数学', NULL, 3),
    ('12', '数字信号处理', '13', 4),
    ('13', '信号与系统', NULL, 3),
    ('14', '计算机体系结构', '04', 4),
    ('15', '人机交互设计', '08', 3),
    ('16', '软件测试', '08', 2),
    ('17', '计算机组成原理', '14', 3),
    ('18', '计算机安全', '04', 3),
    ('19', '操作系统实验', '04', 2),
    ('20', '计算机网络实验', '05', 2);

-- 选课表
insert into SC (Sno, Cno, Grade)
values
    ('10001', '01', 89),
    ('10001', '02', 76),
    ('10001', '03', 90),
    ('10002', '01', 92),
    ('10002', '02', 85),
    ('10002', '03', 88),
    ('10003', '01', 93),
    ('10003', '02', 88),
    ('10003', '03', 91),
    ('10004', '01', 87),
    ('10004', '02', 91),
    ('10004', '03', 82),
    ('10005', '01', 76),
    ('10005', '02', 69),
    ('10005', '03', 81),
    ('10006', '01', 84),
    ('10006', '02', 82),
    ('10006', '03', 79),
    ('10007', '01', 89),
    ('10007', '02', 84);